p,mod20,alpha,T_alpha,r1,r2,chi_r1,chi_r2,r_minus,r_plus,ord_minus_rminus_squared,ord_r_minus,chi_rminus_minus_rplus,predicted_sign,ok_roots,ok_ord_minus_rminus_squared,ok_ord_r_minus,ok_sign,ok_Talpha_equals_sign,ok_Talpha_equals_predicted,passes,error
11,11,10,1,8,4,-1,1,8,4,10,10,1,1,True,True,True,True,True,True,True,
19,19,18,-1,5,15,1,-1,15,5,18,18,-1,-1,True,True,True,True,True,True,True,
31,11,30,1,13,19,-1,1,13,19,30,30,1,1,True,True,True,True,True,True,True,
59,19,58,-1,26,34,1,-1,34,26,58,58,-1,-1,True,True,True,True,True,True,True,
71,11,70,1,63,9,-1,1,63,9,70,70,1,1,True,True,True,True,True,True,True,
79,19,78,-1,50,30,1,-1,30,50,78,78,-1,-1,True,True,True,True,True,True,True,
131,11,130,1,120,12,-1,1,120,12,130,130,1,1,True,True,True,True,True,True,True,
179,19,178,-1,75,105,1,-1,105,75,178,178,-1,-1,True,True,True,True,True,True,True,
191,11,190,1,89,103,-1,1,89,103,190,190,1,1,True,True,True,True,True,True,True,
239,19,238,-1,16,224,1,-1,224,16,238,238,-1,-1,True,True,True,True,True,True,True,
251,11,250,1,134,118,-1,1,134,118,250,250,1,1,True,True,True,True,True,True,True,
271,11,270,1,255,17,-1,1,255,17,270,270,1,1,True,True,True,True,True,True,True,
311,11,310,1,59,253,-1,1,59,253,310,310,1,1,True,True,True,True,True,True,True,
359,19,358,-1,254,106,1,-1,106,254,358,358,-1,-1,True,True,True,True,True,True,True,
379,19,378,-1,20,360,1,-1,360,20,378,378,-1,-1,True,True,True,True,True,True,True,
419,19,418,-1,21,399,1,-1,399,21,418,418,-1,-1,True,True,True,True,True,True,True,
431,11,430,1,341,91,-1,1,341,91,430,430,1,1,True,True,True,True,True,True,True,
439,19,438,-1,70,370,1,-1,370,70,438,438,-1,-1,True,True,True,True,True,True,True,
479,19,478,-1,251,229,1,-1,229,251,478,478,-1,-1,True,True,True,True,True,True,True,
491,11,490,1,74,418,-1,1,74,418,490,490,1,1,True,True,True,True,True,True,True,
499,19,498,-1,225,275,1,-1,275,225,498,498,-1,-1,True,True,True,True,True,True,True,
571,11,570,1,298,274,-1,1,298,274,570,570,1,1,True,True,True,True,True,True,True,
599,19,598,-1,25,575,1,-1,575,25,598,598,-1,-1,True,True,True,True,True,True,True,
631,11,630,1,110,522,-1,1,110,522,630,630,1,1,True,True,True,True,True,True,True,
659,19,658,-1,459,201,1,-1,201,459,658,658,-1,-1,True,True,True,True,True,True,True,
719,19,718,-1,390,330,1,-1,330,390,718,718,-1,-1,True,True,True,True,True,True,True,
739,19,738,-1,621,119,1,-1,119,621,738,738,-1,-1,True,True,True,True,True,True,True,
751,11,750,1,541,211,-1,1,541,211,750,750,1,1,True,True,True,True,True,True,True,
839,19,838,-1,342,498,1,-1,498,342,838,838,-1,-1,True,True,True,True,True,True,True,
971,11,970,1,798,174,-1,1,798,174,970,970,1,1,True,True,True,True,True,True,True,
1019,19,1018,-1,494,526,1,-1,526,494,1018,1018,-1,-1,True,True,True,True,True,True,True,
1039,19,1038,-1,753,287,1,-1,287,753,1038,1038,-1,-1,True,True,True,True,True,True,True,
1051,11,1050,1,73,979,-1,1,73,979,1050,1050,1,1,True,True,True,True,True,True,True,
1091,11,1090,1,212,880,-1,1,212,880,1090,1090,1,1,True,True,True,True,True,True,True,
1171,11,1170,1,1058,114,-1,1,1058,114,1170,1170,1,1,True,True,True,True,True,True,True,
1259,19,1258,-1,36,1224,1,-1,1224,36,1258,1258,-1,-1,True,True,True,True,True,True,True,
1319,19,1318,-1,400,920,1,-1,920,400,1318,1318,-1,-1,True,True,True,True,True,True,True,
1399,19,1398,-1,1160,240,1,-1,240,1160,1398,1398,-1,-1,True,True,True,True,True,True,True,
1439,19,1438,-1,739,701,1,-1,701,739,1438,1438,-1,-1,True,True,True,True,True,True,True,
1451,11,1450,1,283,1169,-1,1,283,1169,1450,1450,1,1,True,True,True,True,True,True,True,
1459,19,1458,-1,167,1293,1,-1,1293,167,1458,1458,-1,-1,True,True,True,True,True,True,True,
1499,19,1498,-1,209,1291,1,-1,1291,209,1498,1498,-1,-1,True,True,True,True,True,True,True,
1531,11,1530,1,88,1444,-1,1,88,1444,1530,1530,1,1,True,True,True,True,True,True,True,
1559,19,1558,-1,40,1520,1,-1,1520,40,1558,1558,-1,-1,True,True,True,True,True,True,True,
1571,11,1570,1,1004,568,-1,1,1004,568,1570,1570,1,1,True,True,True,True,True,True,True,
1619,19,1618,-1,765,855,1,-1,855,765,1618,1618,-1,-1,True,True,True,True,True,True,True,
1759,19,1758,-1,901,859,1,-1,859,901,1758,1758,-1,-1,True,True,True,True,True,True,True,
1811,11,1810,1,186,1626,-1,1,186,1626,1810,1810,1,1,True,True,True,True,True,True,True,
1831,11,1830,1,1053,779,-1,1,1053,779,1830,1830,1,1,True,True,True,True,True,True,True,
1879,19,1878,-1,423,1457,1,-1,1457,423,1878,1878,-1,-1,True,True,True,True,True,True,True,
1931,11,1930,1,988,944,-1,1,988,944,1930,1930,1,1,True,True,True,True,True,True,True,
1979,19,1978,-1,45,1935,1,-1,1935,45,1978,1978,-1,-1,True,True,True,True,True,True,True,
2011,11,2010,1,736,1276,-1,1,736,1276,2010,2010,1,1,True,True,True,True,True,True,True,
2039,19,2038,-1,1233,807,1,-1,807,1233,2038,2038,-1,-1,True,True,True,True,True,True,True,
2099,19,2098,-1,1434,666,1,-1,666,1434,2098,2098,-1,-1,True,True,True,True,True,True,True,
2111,11,2110,1,1033,1079,-1,1,1033,1079,2110,2110,1,1,True,True,True,True,True,True,True,
2131,11,2130,1,1696,436,-1,1,1696,436,2130,2130,1,1,True,True,True,True,True,True,True,
2311,11,2310,1,108,2204,-1,1,108,2204,2310,2310,1,1,True,True,True,True,True,True,True,
2339,19,2338,-1,904,1436,1,-1,1436,904,2338,2338,-1,-1,True,True,True,True,True,True,True,
2351,11,2350,1,2303,49,-1,1,2303,49,2350,2350,1,1,True,True,True,True,True,True,True,
2399,19,2398,-1,214,2186,1,-1,2186,214,2398,2398,-1,-1,True,True,True,True,True,True,True,
2411,11,2410,1,384,2028,-1,1,384,2028,2410,2410,1,1,True,True,True,True,True,True,True,
2459,19,2458,-1,1585,875,1,-1,875,1585,2458,2458,-1,-1,True,True,True,True,True,True,True,
2531,11,2530,1,113,2419,-1,1,113,2419,2530,2530,1,1,True,True,True,True,True,True,True,
2539,19,2538,-1,830,1710,1,-1,1710,830,2538,2538,-1,-1,True,True,True,True,True,True,True,
2551,11,2550,1,1412,1140,-1,1,1412,1140,2550,2550,1,1,True,True,True,True,True,True,True,
2579,19,2578,-1,769,1811,1,-1,1811,769,2578,2578,-1,-1,True,True,True,True,True,True,True,
2671,11,2670,1,2103,569,-1,1,2103,569,2670,2670,1,1,True,True,True,True,True,True,True,
2699,19,2698,-1,1324,1376,1,-1,1376,1324,2698,2698,-1,-1,True,True,True,True,True,True,True,
2711,11,2710,1,1977,735,-1,1,1977,735,2710,2710,1,1,True,True,True,True,True,True,True,
2719,19,2718,-1,2083,637,1,-1,637,2083,2718,2718,-1,-1,True,True,True,True,True,True,True,
2791,11,2790,1,2507,285,-1,1,2507,285,2790,2790,1,1,True,True,True,True,True,True,True,
2819,19,2818,-1,2302,518,1,-1,518,2302,2818,2818,-1,-1,True,True,True,True,True,True,True,
2851,11,2850,1,1919,933,-1,1,1919,933,2850,2850,1,1,True,True,True,True,True,True,True,
2879,19,2878,-1,1500,1380,1,-1,1380,1500,2878,2878,-1,-1,True,True,True,True,True,True,True,
2939,19,2938,-1,1187,1753,1,-1,1753,1187,2938,2938,-1,-1,True,True,True,True,True,True,True,
2971,11,2970,1,1880,1092,-1,1,1880,1092,2970,2970,1,1,True,True,True,True,True,True,True,
2999,19,2998,-1,1041,1959,1,-1,1959,1041,2998,2998,-1,-1,True,True,True,True,True,True,True,
3011,11,3010,1,2716,296,-1,1,2716,296,3010,3010,1,1,True,True,True,True,True,True,True,
3019,19,3018,-1,2149,871,1,-1,871,2149,3018,3018,-1,-1,True,True,True,True,True,True,True,
3119,19,3118,-1,2447,673,1,-1,673,2447,3118,3118,-1,-1,True,True,True,True,True,True,True,
3191,11,3190,1,3135,57,-1,1,3135,57,3190,3190,1,1,True,True,True,True,True,True,True,
3259,19,3258,-1,2821,439,1,-1,439,2821,3258,3258,-1,-1,True,True,True,True,True,True,True,
3319,19,3318,-1,544,2776,1,-1,2776,544,3318,3318,-1,-1,True,True,True,True,True,True,True,
3359,19,3358,-1,1709,1651,1,-1,1651,1709,3358,3358,-1,-1,True,True,True,True,True,True,True,
3371,11,3370,1,2788,584,-1,1,2788,584,3370,3370,1,1,True,True,True,True,True,True,True,
3491,11,3490,1,791,2701,-1,1,791,2701,3490,3490,1,1,True,True,True,True,True,True,True,
3511,11,3510,1,133,3379,-1,1,133,3379,3510,3510,1,1,True,True,True,True,True,True,True,
3539,19,3538,-1,60,3480,1,-1,3480,60,3538,3538,-1,-1,True,True,True,True,True,True,True,
3559,19,3558,-1,1589,1971,1,-1,1971,1589,3558,3558,-1,-1,True,True,True,True,True,True,True,
3659,19,3658,-1,61,3599,1,-1,3599,61,3658,3658,-1,-1,True,True,True,True,True,True,True,
3671,11,3670,1,2804,868,-1,1,2804,868,3670,3670,1,1,True,True,True,True,True,True,True,
3691,11,3690,1,3490,202,-1,1,3490,202,3690,3690,1,1,True,True,True,True,True,True,True,
3719,19,3718,-1,2610,1110,1,-1,1110,2610,3718,3718,-1,-1,True,True,True,True,True,True,True,
3779,19,3778,-1,1306,2474,1,-1,2474,1306,3778,3778,-1,-1,True,True,True,True,True,True,True,
3911,11,3910,1,3283,629,-1,1,3283,629,3910,3910,1,1,True,True,True,True,True,True,True,
3931,11,3930,1,867,3065,-1,1,867,3065,3930,3930,1,1,True,True,True,True,True,True,True,
4019,19,4018,-1,917,3103,1,-1,3103,917,4018,4018,-1,-1,True,True,True,True,True,True,True,
4079,19,4078,-1,3457,623,1,-1,623,3457,4078,4078,-1,-1,True,True,True,True,True,True,True,
4091,11,4090,1,2078,2014,-1,1,2078,2014,4090,4090,1,1,True,True,True,True,True,True,True,
4099,19,4098,-1,1748,2352,1,-1,2352,1748,4098,4098,-1,-1,True,True,True,True,True,True,True,
4111,11,4110,1,2648,1464,-1,1,2648,1464,4110,4110,1,1,True,True,True,True,True,True,True,
4139,19,4138,-1,3381,759,1,-1,759,3381,4138,4138,-1,-1,True,True,True,True,True,True,True,
4211,11,4210,1,1615,2597,-1,1,1615,2597,4210,4210,1,1,True,True,True,True,True,True,True,
4219,19,4218,-1,2575,1645,1,-1,1645,2575,4218,4218,-1,-1,True,True,True,True,True,True,True,
4259,19,4258,-1,2569,1691,1,-1,1691,2569,4258,4258,-1,-1,True,True,True,True,True,True,True,
4271,11,4270,1,3501,771,-1,1,3501,771,4270,4270,1,1,True,True,True,True,True,True,True,
4339,19,4338,-1,2501,1839,1,-1,1839,2501,4338,4338,-1,-1,True,True,True,True,True,True,True,
4451,11,4450,1,3487,965,-1,1,3487,965,4450,4450,1,1,True,True,True,True,True,True,True,
4519,19,4518,-1,1186,3334,1,-1,3334,1186,4518,4518,-1,-1,True,True,True,True,True,True,True,
4591,11,4590,1,503,4089,-1,1,503,4089,4590,4590,1,1,True,True,True,True,True,True,True,
4639,19,4638,-1,685,3955,1,-1,3955,685,4638,4638,-1,-1,True,True,True,True,True,True,True,
4679,19,4678,-1,2121,2559,1,-1,2559,2121,4678,4678,-1,-1,True,True,True,True,True,True,True,
4799,19,4798,-1,1934,2866,1,-1,2866,1934,4798,4798,-1,-1,True,True,True,True,True,True,True,
4919,19,4918,-1,4529,391,1,-1,391,4529,4918,4918,-1,-1,True,True,True,True,True,True,True,
4931,11,4930,1,1331,3601,-1,1,1331,3601,4930,4930,1,1,True,True,True,True,True,True,True,
4951,11,4950,1,2089,2863,-1,1,2089,2863,4950,4950,1,1,True,True,True,True,True,True,True,
4999,19,4998,-1,4765,235,1,-1,235,4765,4998,4998,-1,-1,True,True,True,True,True,True,True,
5011,11,5010,1,3890,1122,-1,1,3890,1122,5010,5010,1,1,True,True,True,True,True,True,True,
5039,19,5038,-1,1969,3071,1,-1,3071,1969,5038,5038,-1,-1,True,True,True,True,True,True,True,
5051,11,5050,1,2897,2155,-1,1,2897,2155,5050,5050,1,1,True,True,True,True,True,True,True,
5099,19,5098,-1,3217,1883,1,-1,1883,3217,5098,5098,-1,-1,True,True,True,True,True,True,True,
5119,19,5118,-1,2640,2480,1,-1,2480,2640,5118,5118,-1,-1,True,True,True,True,True,True,True,
5171,11,5170,1,4933,239,-1,1,4933,239,5170,5170,1,1,True,True,True,True,True,True,True,
5179,19,5178,-1,2554,2626,1,-1,2626,2554,5178,5178,-1,-1,True,True,True,True,True,True,True,
5231,11,5230,1,1874,3358,-1,1,1874,3358,5230,5230,1,1,True,True,True,True,True,True,True,
5279,19,5278,-1,3574,1706,1,-1,1706,3574,5278,5278,-1,-1,True,True,True,True,True,True,True,
5351,11,5350,1,4809,543,-1,1,4809,543,5350,5350,1,1,True,True,True,True,True,True,True,
5399,19,5398,-1,1957,3443,1,-1,3443,1957,5398,5398,-1,-1,True,True,True,True,True,True,True,
5419,19,5418,-1,718,4702,1,-1,4702,718,5418,5418,-1,-1,True,True,True,True,True,True,True,
5431,11,5430,1,918,4514,-1,1,918,4514,5430,5430,1,1,True,True,True,True,True,True,True,
5471,11,5470,1,2699,2773,-1,1,2699,2773,5470,5470,1,1,True,True,True,True,True,True,True,
5479,19,5478,-1,246,5234,1,-1,5234,246,5478,5478,-1,-1,True,True,True,True,True,True,True,
5519,19,5518,-1,2223,3297,1,-1,3297,2223,5518,5518,-1,-1,True,True,True,True,True,True,True,
5639,19,5638,-1,3212,2428,1,-1,2428,3212,5638,5638,-1,-1,True,True,True,True,True,True,True,
5651,11,5650,1,5094,558,-1,1,5094,558,5650,5650,1,1,True,True,True,True,True,True,True,
5659,19,5658,-1,5410,250,1,-1,250,5410,5658,5658,-1,-1,True,True,True,True,True,True,True,
5711,11,5710,1,3311,2401,-1,1,3311,2401,5710,5710,1,1,True,True,True,True,True,True,True,
5791,11,5790,1,1666,4126,-1,1,1666,4126,5790,5790,1,1,True,True,True,True,True,True,True,
5851,11,5850,1,5775,77,-1,1,5775,77,5850,5850,1,1,True,True,True,True,True,True,True,
5879,19,5878,-1,682,5198,1,-1,5198,682,5878,5878,-1,-1,True,True,True,True,True,True,True,
5939,19,5938,-1,1722,4218,1,-1,4218,1722,5938,5938,-1,-1,True,True,True,True,True,True,True,
6131,11,6130,1,1211,4921,-1,1,1211,4921,6130,6130,1,1,True,True,True,True,True,True,True,
6151,11,6150,1,2077,4075,-1,1,2077,4075,6150,6150,1,1,True,True,True,True,True,True,True,
6199,19,6198,-1,2888,3312,1,-1,3312,2888,6198,6198,-1,-1,True,True,True,True,True,True,True,
6299,19,6298,-1,4259,2041,1,-1,2041,4259,6298,6298,-1,-1,True,True,True,True,True,True,True,
6311,11,6310,1,4120,2192,-1,1,4120,2192,6310,6310,1,1,True,True,True,True,True,True,True,
6359,19,6358,-1,4328,2032,1,-1,2032,4328,6358,6358,-1,-1,True,True,True,True,True,True,True,
6379,19,6378,-1,1427,4953,1,-1,4953,1427,6378,6378,-1,-1,True,True,True,True,True,True,True,
6451,11,6450,1,5568,884,-1,1,5568,884,6450,6450,1,1,True,True,True,True,True,True,True,
6551,11,6550,1,1257,5295,-1,1,1257,5295,6550,6550,1,1,True,True,True,True,True,True,True,
6571,11,6570,1,4141,2431,-1,1,4141,2431,6570,6570,1,1,True,True,True,True,True,True,True,
6599,19,6598,-1,4628,1972,1,-1,1972,4628,6598,6598,-1,-1,True,True,True,True,True,True,True,
6659,19,6658,-1,2281,4379,1,-1,4379,2281,6658,6658,-1,-1,True,True,True,True,True,True,True,
6719,19,6718,-1,3401,3319,1,-1,3319,3401,6718,6718,-1,-1,True,True,True,True,True,True,True,
6779,19,6778,-1,803,5977,1,-1,5977,803,6778,6778,-1,-1,True,True,True,True,True,True,True,
6791,11,6790,1,5252,1540,-1,1,5252,1540,6790,6790,1,1,True,True,True,True,True,True,True,
6899,19,6898,-1,4508,2392,1,-1,2392,4508,6898,6898,-1,-1,True,True,True,True,True,True,True,
6911,11,6910,1,1987,4925,-1,1,1987,4925,6910,6910,1,1,True,True,True,True,True,True,True,
6959,19,6958,-1,4083,2877,1,-1,2877,4083,6958,6958,-1,-1,True,True,True,True,True,True,True,
6971,11,6970,1,6888,84,-1,1,6888,84,6970,6970,1,1,True,True,True,True,True,True,True,
7019,19,7018,-1,1030,5990,1,-1,5990,1030,7018,7018,-1,-1,True,True,True,True,True,True,True,
7039,19,7038,-1,792,6248,1,-1,6248,792,7038,7038,-1,-1,True,True,True,True,True,True,True,
7079,19,7078,-1,2011,5069,1,-1,5069,2011,7078,7078,-1,-1,True,True,True,True,True,True,True,
7151,11,7150,1,1539,5613,-1,1,1539,5613,7150,7150,1,1,True,True,True,True,True,True,True,
7159,19,7158,-1,2596,4564,1,-1,4564,2596,7158,7158,-1,-1,True,True,True,True,True,True,True,
7331,11,7330,1,5340,1992,-1,1,5340,1992,7330,7330,1,1,True,True,True,True,True,True,True,
7351,11,7350,1,1240,6112,-1,1,1240,6112,7350,7350,1,1,True,True,True,True,True,True,True,
7411,11,7410,1,193,7219,-1,1,193,7219,7410,7410,1,1,True,True,True,True,True,True,True,
7459,19,7458,-1,6043,1417,1,-1,1417,6043,7458,7458,-1,-1,True,True,True,True,True,True,True,
7499,19,7498,-1,2685,4815,1,-1,4815,2685,7498,7498,-1,-1,True,True,True,True,True,True,True,
7559,19,7558,-1,1985,5575,1,-1,5575,1985,7558,7558,-1,-1,True,True,True,True,True,True,True,
7591,11,7590,1,5766,1826,-1,1,5766,1826,7590,7590,1,1,True,True,True,True,True,True,True,
7691,11,7690,1,4771,2921,-1,1,4771,2921,7690,7690,1,1,True,True,True,True,True,True,True,
7699,19,7698,-1,6431,1269,1,-1,1269,6431,7698,7698,-1,-1,True,True,True,True,True,True,True,
7759,19,7758,-1,1179,6581,1,-1,6581,1179,7758,7758,-1,-1,True,True,True,True,True,True,True,
7919,19,7918,-1,4851,3069,1,-1,3069,4851,7918,7918,-1,-1,True,True,True,True,True,True,True,
7951,11,7950,1,6262,1690,-1,1,6262,1690,7950,7950,1,1,True,True,True,True,True,True,True,
8039,19,8038,-1,5108,2932,1,-1,2932,5108,8038,8038,-1,-1,True,True,True,True,True,True,True,
8111,11,8110,1,3405,4707,-1,1,3405,4707,8110,8110,1,1,True,True,True,True,True,True,True,
8179,19,8178,-1,5423,2757,1,-1,2757,5423,8178,8178,-1,-1,True,True,True,True,True,True,True,
8191,11,8190,1,7797,395,-1,1,7797,395,8190,8190,1,1,True,True,True,True,True,True,True,
8219,19,8218,-1,7639,581,1,-1,581,7639,8218,8218,-1,-1,True,True,True,True,True,True,True,
8231,11,8230,1,3372,4860,-1,1,3372,4860,8230,8230,1,1,True,True,True,True,True,True,True,
8291,11,8290,1,3060,5232,-1,1,3060,5232,8290,8290,1,1,True,True,True,True,True,True,True,
8311,11,8310,1,5950,2362,-1,1,5950,2362,8310,8310,1,1,True,True,True,True,True,True,True,
8419,19,8418,-1,1419,7001,1,-1,7001,1419,8418,8418,-1,-1,True,True,True,True,True,True,True,
8431,11,8430,1,3274,5158,-1,1,3274,5158,8430,8430,1,1,True,True,True,True,True,True,True,
8539,19,8538,-1,8025,515,1,-1,515,8025,8538,8538,-1,-1,True,True,True,True,True,True,True,
8699,19,8698,-1,6732,1968,1,-1,1968,6732,8698,8698,-1,-1,True,True,True,True,True,True,True,
8719,19,8718,-1,6044,2676,1,-1,2676,6044,8718,8718,-1,-1,True,True,True,True,True,True,True,
8779,19,8778,-1,790,7990,1,-1,7990,790,8778,8778,-1,-1,True,True,True,True,True,True,True,
8819,19,8818,-1,4305,4515,1,-1,4515,4305,8818,8818,-1,-1,True,True,True,True,True,True,True,
8839,19,8838,-1,4119,4721,1,-1,4721,4119,8838,8838,-1,-1,True,True,True,True,True,True,True,
8951,11,8950,1,3154,5798,-1,1,3154,5798,8950,8950,1,1,True,True,True,True,True,True,True,
8999,19,8998,-1,8586,414,1,-1,414,8586,8998,8998,-1,-1,True,True,True,True,True,True,True,
9059,19,9058,-1,1281,7779,1,-1,7779,1281,9058,9058,-1,-1,True,True,True,True,True,True,True,
9199,19,9198,-1,517,8683,1,-1,8683,517,9198,9198,-1,-1,True,True,True,True,True,True,True,
9239,19,9238,-1,6825,2415,1,-1,2415,6825,9238,9238,-1,-1,True,True,True,True,True,True,True,
9311,11,9310,1,9215,97,-1,1,9215,97,9310,9310,1,1,True,True,True,True,True,True,True,
9391,11,9390,1,8004,1388,-1,1,8004,1388,9390,9390,1,1,True,True,True,True,True,True,True,
9419,19,9418,-1,4331,5089,1,-1,5089,4331,9418,9418,-1,-1,True,True,True,True,True,True,True,
9479,19,9478,-1,2854,6626,1,-1,6626,2854,9478,9478,-1,-1,True,True,True,True,True,True,True,
9491,11,9490,1,723,8769,-1,1,723,8769,9490,9490,1,1,True,True,True,True,True,True,True,
9511,11,9510,1,7674,1838,-1,1,7674,1838,9510,9510,1,1,True,True,True,True,True,True,True,
9539,19,9538,-1,7862,1678,1,-1,1678,7862,9538,9538,-1,-1,True,True,True,True,True,True,True,
9551,11,9550,1,1746,7806,-1,1,1746,7806,9550,9550,1,1,True,True,True,True,True,True,True,
9619,19,9618,-1,5124,4496,1,-1,4496,5124,9618,9618,-1,-1,True,True,True,True,True,True,True,
9631,11,9630,1,2080,7552,-1,1,2080,7552,9630,9630,1,1,True,True,True,True,True,True,True,
9719,19,9718,-1,7208,2512,1,-1,2512,7208,9718,9718,-1,-1,True,True,True,True,True,True,True,
9791,11,9790,1,3741,6051,-1,1,3741,6051,9790,9790,1,1,True,True,True,True,True,True,True,
9811,11,9810,1,3087,6725,-1,1,3087,6725,9810,9810,1,1,True,True,True,True,True,True,True,
9839,19,9838,-1,4203,5637,1,-1,5637,4203,9838,9838,-1,-1,True,True,True,True,True,True,True,
9851,11,9850,1,6746,3106,-1,1,6746,3106,9850,9850,1,1,True,True,True,True,True,True,True,
9859,19,9858,-1,9084,776,1,-1,776,9084,9858,9858,-1,-1,True,True,True,True,True,True,True,
9871,11,9870,1,1775,8097,-1,1,1775,8097,9870,9870,1,1,True,True,True,True,True,True,True,
